epoch,time,train/box_loss,train/cls_loss,train/dfl_loss,metrics/precision(B),metrics/recall(B),metrics/mAP50(B),metrics/mAP50-95(B),val/box_loss,val/cls_loss,val/dfl_loss,lr/pg0,lr/pg1,lr/pg2
1,223.05,1.11572,2.73276,1.54596,0.66006,0.61244,0.66431,0.45401,1.0806,2.6298,1.58474,0.000333146,0.000333146,0.000333146
2,449.642,1.16093,2.06588,1.57103,0.71702,0.62318,0.68707,0.47638,1.14033,1.89887,1.60016,0.000653283,0.000653283,0.000653283
